{
    "context": {
        "domain": "ONDC:RET11",
        "action": "on_search",
        "core_version": "1.2.0",
        "bap_id": "buyer-app-preprod-v2.ondc.org",
        "bap_uri": "https://buyer-app-preprod-v2.ondc.org/protocol/v1",
        "bpp_id": "ondc-api.kiko.live/ondc-seller-v2",
        "bpp_uri": "https://ondc-api.kiko.live/ondc-seller-v2",
        "transaction_id": "ce74ef6c-6373-4f7a-81f0-bdb77f9c3f9f",
        "message_id": "ee040907-a981-406d-80f1-ad65bfd0ab43",
        "city": "std:022",
        "country": "IND",
        "timestamp": "2024-06-05T11:15:10.579Z"
    },
    "message": {
        "catalog": {
            "bpp/fulfillments": [
                {
                    "id": "1",
                    "type": "Delivery"
                }
            ],
            "bpp/descriptor": {
                "name": "Kiko Live",
                "symbol": "https://kiko.link/wp-content/uploads/2023/02/cropped-untitled-design.png",
                "short_desc": "Empowering local retailers",
                "long_desc": "Kiko Live began with a simple and unique idea - to digitize and empower the local neighborhood retailers. From kiranas to pharmacies, from stationeries to paan-wallahs,from fashion to electronics, every local retailer can come on to our platform and use our app to organize and grow their home delivery business. Additionally, helps sellers sell to millions of new potential buyers on the ONDC network and exponentially grow their business.",
                "images": [
                    "https://kiko.link/wp-content/uploads/2023/02/cropped-untitled-design.png"
                ],
                "tags": [
                    {
                        "code": "bpp_terms",
                        "list": [
                            {
                                "code": "np_type",
                                "value": "MSN"
                            }
                        ]
                    }
                ]
            },
            "bpp/providers": [
                {
                    "id": "6386154b42674fabf7bdabf4",
                    "categories": [],
                    "time": {
                        "label": "enable",
                        "timestamp": "2024-06-05T11:15:10.579Z"
                    },
                    "tags": [
                        {
                            "code": "timing",
                            "list": [
                                {
                                    "code": "type",
                                    "value": "Order"
                                },
                                {
                                    "code": "location",
                                    "value": "location-6386154b42674fabf7bdabf4"
                                },
                                {
                                    "code": "day_from",
                                    "value": "1"
                                },
                                {
                                    "code": "day_to",
                                    "value": "7"
                                },
                                {
                                    "code": "time_from",
                                    "value": "0000"
                                },
                                {
                                    "code": "time_to",
                                    "value": "2359"
                                }
                            ]
                        },
                        {
                            "code": "timing",
                            "list": [
                                {
                                    "code": "type",
                                    "value": "Delivery"
                                },
                                {
                                    "code": "location",
                                    "value": "location-6386154b42674fabf7bdabf4"
                                },
                                {
                                    "code": "day_from",
                                    "value": "1"
                                },
                                {
                                    "code": "day_to",
                                    "value": "7"
                                },
                                {
                                    "code": "time_from",
                                    "value": "0000"
                                },
                                {
                                    "code": "time_to",
                                    "value": "2359"
                                }
                            ]
                        },
                        {
                            "code": "serviceability",
                            "list": [
                                {
                                    "code": "location",
                                    "value": "location-6386154b42674fabf7bdabf4"
                                },
                                {
                                    "code": "category",
                                    "value": "Bread"
                                },
                                {
                                    "code": "type",
                                    "value": "10"
                                },
                                {
                                    "code": "val",
                                    "value": "15"
                                },
                                {
                                    "code": "unit",
                                    "value": "country"
                                }
                            ]
                        },
                        {
                            "code": "serviceability",
                            "list": [
                                {
                                    "code": "location",
                                    "value": "location-6386154b42674fabf7bdabf4"
                                },
                                {
                                    "code": "category",
                                    "value": "Burger"
                                },
                                {
                                    "code": "type",
                                    "value": "10"
                                },
                                {
                                    "code": "val",
                                    "value": "15"
                                },
                                {
                                    "code": "unit",
                                    "value": "country"
                                }
                            ]
                        }
                    ],
                    "fulfillments": [
                        {
                            "id": "1",
                            "type": "Delivery",
                            "contact": {
                                "phone": "9009120913",
                                "email": "vijendra@gmail.com"
                            }
                        }
                    ],
                    "descriptor": {
                        "name": "Vijendra Grocery Store",
                        "symbol": "https://kikonewapi.s3.ap-south-1.amazonaws.com/uploads/user_images/ZDfzjS4Gv.png",
                        "short_desc": "Vijendra Grocery Store is more than just a place to buy groceries—it's a community hub where locals come together to connect, share stories, and celebrate food in all its glorious forms.",
                        "long_desc": "Vijendra Grocery Store is more than just a place to buy groceries—it's a community hub where locals come together to connect, share stories, and celebrate food in all its glorious forms.",
                        "images": [
                            "https://kikonewapi.s3.ap-south-1.amazonaws.com/uploads/user_images/ZDfzjS4Gv.png"
                        ]
                    },
                    "@ondc/org/fssai_license_no": "12345678910123",
                    "ttl": "P1D",
                    "locations": [
                        {
                            "id": "location-6386154b42674fabf7bdabf4",
                            "time": {
                                "label": "enable",
                                "timestamp": "2024-06-05T11:15:10.579Z",
                                "days": "1,2,3,4,5,6,7",
                                "schedule": {
                                    "holidays": []
                                },
                                "range": {
                                    "end": "2359",
                                    "start": "0000"
                                }
                            },
                            "gps": "19.17653453,72.947534534",
                            "address": {
                                "locality": "Anand Vihar Colony",
                                "street": "Mumbai, Mumbai Suburban, Maharashtra, India",
                                "city": "Mumbai",
                                "area_code": "400080",
                                "state": "Maharashtra"
                            }
                        }
                    ],
                    "items": [
                        {
                            "time": {
                                "label": "enable",
                                "timestamp": "2024-06-05T11:15:10.579Z"
                            },
                            "id": "660c369b207085ef1155dda1",
                            "parent_item_id": "",
                            "descriptor": {
                                "name": " Garlic Bread Small",
                                "symbol": "https://kikonewapi.s3.ap-south-1.amazonaws.com/uploads/user_images/OH-YWMEUx.png",
                                "short_desc": "Indulge in the irresistible flavors of our  Garlic Bread. Made with freshly baked bread, this mouthwatering treat is generously topped with a blend of gooey, melted cheeses and infused with aromatic garlic. Each bite is a perfect harmony of savory and cheesy goodness. Whether enjoyed as a snack, appetizer, or accompaniment to your favorite meal, our Cheese Garlic Bread is sure to satisfy your cravings and leave you wanting more. Treat yourself to this cheesy delight today!",
                                "code": "1:JS001",
                                "long_desc": "Indulge in the irresistible flavors of our  Garlic Bread. Made with freshly baked bread, this mouthwatering treat is generously topped with a blend of gooey, melted cheeses and infused with aromatic garlic. Each bite is a perfect harmony of savory and cheesy goodness. Whether enjoyed as a snack, appetizer, or accompaniment to your favorite meal, our Cheese Garlic Bread is sure to satisfy your cravings and leave you wanting more. Treat yourself to this cheesy delight today!",
                                "images": [
                                    "https://kikonewapi.s3.ap-south-1.amazonaws.com/uploads/user_images/OH-YWMEUx.png",
                                    "https://kikonewapi.s3.ap-south-1.amazonaws.com/uploads/user_images/OH-YWMEUx.png",
                                    "https://kikonewapi.s3.ap-south-1.amazonaws.com/uploads/user_images/OH-YWMEUx.png",
                                    "https://kikonewapi.s3.ap-south-1.amazonaws.com/uploads/user_images/OH-YWMEUx.png",
                                    "https://kikonewapi.s3.ap-south-1.amazonaws.com/uploads/user_images/OH-YWMEUx.png",
                                    "https://kikonewapi.s3.ap-south-1.amazonaws.com/uploads/user_images/OH-YWMEUx.png",
                                    "https://kikonewapi.s3.ap-south-1.amazonaws.com/uploads/user_images/OH-YWMEUx.png"
                                ]
                            },
                            "quantity": {
                                "unitized": {
                                    "measure": {
                                        "unit": "unit",
                                        "value": "1"
                                    }
                                },
                                "available": {
                                    "count": "99"
                                },
                                "maximum": {
                                    "count": "81"
                                }
                            },
                            "price": {
                                "currency": "INR",
                                "value": "60",
                                "maximum_value": "80"
                            },
                            "category_id": "F&B",
                            "location_id": "location-6386154b42674fabf7bdabf4",
                            "@ondc/org/returnable": false,
                            "@ondc/org/cancellable": false,
                            "@ondc/org/return_window": "P2D",
                            "@ondc/org/seller_pickup_return": false,
                            "@ondc/org/time_to_ship": "PT1H",
                            "@ondc/org/available_on_cod": false,
                            "@ondc/org/contact_details_consumer_care": "Vijendra Patidar, vijendra@gmail.com, +919009120913",
                            "fulfillment_id": "1",
                            "tags": [
                                {
                                    "code": "origin",
                                    "list": [
                                        {
                                            "code": "country",
                                            "value": "IND"
                                        }
                                    ]
                                },
                                {
                                    "code": "veg_nonveg",
                                    "list": [
                                        {
                                            "code": "veg",
                                            "value": "yes"
                                        }
                                    ]
                                },
                                {
                                    "code": "image",
                                    "list": [
                                        {
                                            "code": "type",
                                            "value": "back_image"
                                        },
                                        {
                                            "code": "url",
                                            "value": "https://kikonewapi.s3.ap-south-1.amazonaws.com/uploads/user_images/OH-YWMEUx.png"
                                        }
                                    ]
                                }
                            ]
                        },
                        {
                            "time": {
                                "label": "enable",
                                "timestamp": "2024-06-05T11:15:10.579Z"
                            },
                            "id": "660c369b207085ef1155dda2",
                            "parent_item_id": "",
                            "descriptor": {
                                "name": " Garlic Bread Med",
                                "symbol": "https://kikonewapi.s3.ap-south-1.amazonaws.com/uploads/user_images/OH-YWMEUx.png",
                                "short_desc": "Indulge in the irresistible flavors of our  Garlic Bread. Made with freshly baked bread, this mouthwatering treat is generously topped with a blend of gooey, melted cheeses and infused with aromatic garlic. Each bite is a perfect harmony of savory and cheesy goodness. Whether enjoyed as a snack, appetizer, or accompaniment to your favorite meal, our Cheese Garlic Bread is sure to satisfy your cravings and leave you wanting more. Treat yourself to this cheesy delight today!",
                                "code": "1:JS002",
                                "long_desc": "Indulge in the irresistible flavors of our  Garlic Bread. Made with freshly baked bread, this mouthwatering treat is generously topped with a blend of gooey, melted cheeses and infused with aromatic garlic. Each bite is a perfect harmony of savory and cheesy goodness. Whether enjoyed as a snack, appetizer, or accompaniment to your favorite meal, our Cheese Garlic Bread is sure to satisfy your cravings and leave you wanting more. Treat yourself to this cheesy delight today!",
                                "images": [
                                    "https://kikonewapi.s3.ap-south-1.amazonaws.com/uploads/user_images/OH-YWMEUx.png",
                                    "https://kikonewapi.s3.ap-south-1.amazonaws.com/uploads/user_images/OH-YWMEUx.png",
                                    "https://kikonewapi.s3.ap-south-1.amazonaws.com/uploads/user_images/OH-YWMEUx.png",
                                    "https://kikonewapi.s3.ap-south-1.amazonaws.com/uploads/user_images/OH-YWMEUx.png",
                                    "https://kikonewapi.s3.ap-south-1.amazonaws.com/uploads/user_images/OH-YWMEUx.png",
                                    "https://kikonewapi.s3.ap-south-1.amazonaws.com/uploads/user_images/OH-YWMEUx.png",
                                    "https://kikonewapi.s3.ap-south-1.amazonaws.com/uploads/user_images/OH-YWMEUx.png"
                                ]
                            },
                            "quantity": {
                                "unitized": {
                                    "measure": {
                                        "unit": "unit",
                                        "value": "1"
                                    }
                                },
                                "available": {
                                    "count": "99"
                                },
                                "maximum": {
                                    "count": "97"
                                }
                            },
                            "price": {
                                "currency": "INR",
                                "value": "110",
                                "maximum_value": "130"
                            },
                            "category_id": "F&B",
                            "location_id": "location-6386154b42674fabf7bdabf4",
                            "@ondc/org/returnable": false,
                            "@ondc/org/cancellable": false,
                            "@ondc/org/return_window": "P2D",
                            "@ondc/org/seller_pickup_return": false,
                            "@ondc/org/time_to_ship": "PT1H",
                            "@ondc/org/available_on_cod": false,
                            "@ondc/org/contact_details_consumer_care": "Vijendra Patidar, vijendra@gmail.com, +919009120913",
                            "fulfillment_id": "1",
                            "tags": [
                                {
                                    "code": "origin",
                                    "list": [
                                        {
                                            "code": "country",
                                            "value": "IND"
                                        }
                                    ]
                                },
                                {
                                    "code": "veg_nonveg",
                                    "list": [
                                        {
                                            "code": "veg",
                                            "value": "yes"
                                        }
                                    ]
                                },
                                {
                                    "code": "image",
                                    "list": [
                                        {
                                            "code": "type",
                                            "value": "back_image"
                                        },
                                        {
                                            "code": "url",
                                            "value": "https://kikonewapi.s3.ap-south-1.amazonaws.com/uploads/user_images/OH-YWMEUx.png"
                                        }
                                    ]
                                }
                            ]
                        },
                        {
                            "time": {
                                "label": "enable",
                                "timestamp": "2024-06-05T11:15:10.579Z"
                            },
                            "id": "660c369b207085ef1155dda3",
                            "parent_item_id": "",
                            "descriptor": {
                                "name": "Vegetable BURGER",
                                "symbol": "https://kikonewapi.s3.ap-south-1.amazonaws.com/uploads/user_images/OH-YWMEUx.png",
                                "short_desc": "Introducing our mouthwatering Aloo Tikki burger, a fusion of Indian flavors and classic American comfort food. Sink your teeth into a crispy potato patty infused with aromatic spices, nestled between two fluffy buns. Topped with tangy tamarind chutney, zesty mint sauce, and a sprinkle of crunchy onions, this burger is a flavor explosion. Indulge in the perfect blend of textures and tastes, as the softness of the bun contrasts with the crispy Aloo Tikki. Experience a unique culinary adventure with our Aloo Tikki burger today!",
                                "code": "1:JS003",
                                "long_desc": "Introducing our mouthwatering Aloo Tikki burger, a fusion of Indian flavors and classic American comfort food. Sink your teeth into a crispy potato patty infused with aromatic spices, nestled between two fluffy buns. Topped with tangy tamarind chutney, zesty mint sauce, and a sprinkle of crunchy onions, this burger is a flavor explosion. Indulge in the perfect blend of textures and tastes, as the softness of the bun contrasts with the crispy Aloo Tikki. Experience a unique culinary adventure with our Aloo Tikki burger today!",
                                "images": [
                                    "https://kikonewapi.s3.ap-south-1.amazonaws.com/uploads/user_images/OH-YWMEUx.png",
                                    "https://kikonewapi.s3.ap-south-1.amazonaws.com/uploads/user_images/OH-YWMEUx.png",
                                    "https://kikonewapi.s3.ap-south-1.amazonaws.com/uploads/user_images/OH-YWMEUx.png",
                                    "https://kikonewapi.s3.ap-south-1.amazonaws.com/uploads/user_images/OH-YWMEUx.png",
                                    "https://kikonewapi.s3.ap-south-1.amazonaws.com/uploads/user_images/OH-YWMEUx.png",
                                    "https://kikonewapi.s3.ap-south-1.amazonaws.com/uploads/user_images/OH-YWMEUx.png",
                                    "https://kikonewapi.s3.ap-south-1.amazonaws.com/uploads/user_images/OH-YWMEUx.png"
                                ]
                            },
                            "quantity": {
                                "unitized": {
                                    "measure": {
                                        "unit": "unit",
                                        "value": "1"
                                    }
                                },
                                "available": {
                                    "count": "99"
                                },
                                "maximum": {
                                    "count": "99"
                                }
                            },
                            "price": {
                                "currency": "INR",
                                "value": "50",
                                "maximum_value": "70"
                            },
                            "category_id": "F&B",
                            "location_id": "location-6386154b42674fabf7bdabf4",
                            "@ondc/org/returnable": false,
                            "@ondc/org/cancellable": false,
                            "@ondc/org/return_window": "P2D",
                            "@ondc/org/seller_pickup_return": false,
                            "@ondc/org/time_to_ship": "PT1H",
                            "@ondc/org/available_on_cod": false,
                            "@ondc/org/contact_details_consumer_care": "Vijendra Patidar, vijendra@gmail.com, +919009120913",
                            "fulfillment_id": "1",
                            "tags": [
                                {
                                    "code": "origin",
                                    "list": [
                                        {
                                            "code": "country",
                                            "value": "IND"
                                        }
                                    ]
                                },
                                {
                                    "code": "veg_nonveg",
                                    "list": [
                                        {
                                            "code": "veg",
                                            "value": "yes"
                                        }
                                    ]
                                },
                                {
                                    "code": "image",
                                    "list": [
                                        {
                                            "code": "type",
                                            "value": "back_image"
                                        },
                                        {
                                            "code": "url",
                                            "value": "https://kikonewapi.s3.ap-south-1.amazonaws.com/uploads/user_images/OH-YWMEUx.png"
                                        }
                                    ]
                                }
                            ]
                        }
                    ]
                }
            ]
        }
    }
}