{
    "context": {
        "domain": "ONDC:RET11",
        "action": "on_search",
        "core_version": "1.2.0",
        "bap_id": "buyer-app-preprod-v2.ondc.org",
        "bap_uri": "https://buyer-app-preprod-v2.ondc.org/protocol/v1",
        "bpp_id": "ondc-api.kiko.live/ondc-seller-v2",
        "bpp_uri": "https://ondc-api.kiko.live/ondc-seller-v2",
        "transaction_id": "e18de602-1c32-4857-8c55-44ea0cd9e7e8",
        "message_id": "66d17e95-f9e7-44a5-b826-fa95b630dcff",
        "city": "*",
        "country": "IND",
        "timestamp": "2024-06-05T11:21:21.950Z"
    },
    "message": {
        "catalog": {
            "bpp/providers": [
                {
                    "id": "6386154b42674fabf7bdabf4",
                    "locations": [
                        {
                            "id": "location-6386154b42674fabf7bdabf4",
                            "time": {
                                "label": "enable",
                                "timestamp": "2024-06-05T11:21:21.950Z",
                                "schedule": {
                                    "holidays": []
                                }
                            }
                        }
                    ]
                }
            ]
        }
    }
}