{
    "context": {
        "domain": "ONDC:RET11",
        "action": "search",
        "country": "IND",
        "city": "*",
        "core_version": "1.2.0",
        "bap_id": "buyer-app-preprod-v2.ondc.org",
        "bap_uri": "https://buyer-app-preprod-v2.ondc.org/protocol/v1",
        "transaction_id": "e18de602-1c32-4857-8c55-44ea0cd9e7e8",
        "message_id": "66d17e95-f9e7-44a5-b826-fa95b630dcff",
        "timestamp": "2024-06-05T11:21:20.950Z",
        "ttl": "PT30S"
    },
    "message": {
        "intent": {
            "payment": {
                "@ondc/org/buyer_app_finder_fee_type": "percent",
                "@ondc/org/buyer_app_finder_fee_amount": "3"
            },
            "tags": [
                {
                    "code": "catalog_inc",
                    "list": [
                        {
                            "code": "mode",
                            "value": "start"
                        }
                    ]
                }
            ]
        }
    }
}