{
    "context": {
        "domain": "ONDC:RET11",
        "action": "on_select",
        "core_version": "1.2.0",
        "bap_id": "buyer-app-preprod-v2.ondc.org",
        "bap_uri": "https://buyer-app-preprod-v2.ondc.org/protocol/v1",
        "bpp_id": "ondc-api.kiko.live/ondc-seller-v2",
        "bpp_uri": "https://ondc-api.kiko.live/ondc-seller-v2",
        "transaction_id": "aeb3413c-3c08-44ab-b25d-9cda437dc09f",
        "message_id": "e3fa2980-5d5b-4af3-97e6-2027b37a08cb",
        "city": "std:022",
        "country": "IND",
        "timestamp": "2024-06-05T07:56:13.314Z"
    },
    "message": {
        "order": {
            "provider": {
                "id": "6386154b42674fabf7bdabf4",
                "locations": [
                    {
                        "id": "location-6386154b42674fabf7bdabf4"
                    }
                ]
            },
            "items": [
                {
                    "fulfillment_id": "fulfillment-6386154b42674fabf7bdabf4",
                    "id": "660c369b207085ef1155dda1"
                }
            ],
            "fulfillments": [
                {
                    "id": "fulfillment-6386154b42674fabf7bdabf4",
                    "type": "Delivery",
                    "@ondc/org/provider_name": "Vijendra Grocery Store",
                    "tracking": false,
                    "@ondc/org/category": "Standard Delivery",
                    "@ondc/org/TAT": "PT30M",
                    "state": {
                        "descriptor": {
                            "code": "Serviceable"
                        }
                    }
                }
            ],
            "quote": {
                "price": {
                    "currency": "INR",
                    "value": "91.00"
                },
                "breakup": [
                    {
                        "@ondc/org/item_id": "660c369b207085ef1155dda1",
                        "@ondc/org/item_quantity": {
                            "count": 1
                        },
                        "title": " Garlic Bread Small",
                        "@ondc/org/title_type": "item",
                        "price": {
                            "currency": "INR",
                            "value": "60.00"
                        },
                        "item": {
                            "quantity": {
                                "available": {
                                    "count": "99"
                                },
                                "maximum": {
                                    "count": "1"
                                }
                            },
                            "price": {
                                "currency": "INR",
                                "value": "60.00"
                            }
                        }
                    },
                    {
                        "@ondc/org/item_id": "660c369b207085ef1155dda1",
                        "title": "Tax",
                        "@ondc/org/title_type": "tax",
                        "price": {
                            "currency": "INR",
                            "value": "3"
                        }
                    },
                    {
                        "@ondc/org/item_id": "fulfillment-6386154b42674fabf7bdabf4",
                        "title": "Delivery charges",
                        "@ondc/org/title_type": "delivery",
                        "price": {
                            "currency": "INR",
                            "value": "20.00"
                        }
                    },
                    {
                        "@ondc/org/item_id": "fulfillment-6386154b42674fabf7bdabf4",
                        "title": "Convenience Fee",
                        "@ondc/org/title_type": "misc",
                        "price": {
                            "currency": "INR",
                            "value": "3"
                        }
                    },
                    {
                        "@ondc/org/item_id": "fulfillment-6386154b42674fabf7bdabf4",
                        "title": "Packing charges",
                        "@ondc/org/title_type": "packing",
                        "price": {
                            "currency": "INR",
                            "value": "5.00"
                        }
                    }
                ],
                "ttl": "PT6H"
            }
        }
    },
    "error": {
        "type": "DOMAIN-ERROR",
        "code": "40002",
        "message": "[{\"item_id\":\"660c369b207085ef1155dda1\",\"error\":\"40002\"}]"
    }
}