{
    "context": {
        "domain": "ONDC:RET11",
        "country": "IND",
        "city": "std:022",
        "action": "select",
        "core_version": "1.2.0",
        "bap_id": "buyer-app-preprod-v2.ondc.org",
        "bap_uri": "https://buyer-app-preprod-v2.ondc.org/protocol/v1",
        "bpp_uri": "https://ondc-api.kiko.live/ondc-seller-v2",
        "transaction_id": "aeb3413c-3c08-44ab-b25d-9cda437dc09f",
        "message_id": "e3fa2980-5d5b-4af3-97e6-2027b37a08cb",
        "timestamp": "2024-06-05T07:56:12.675Z",
        "bpp_id": "ondc-api.kiko.live/ondc-seller-v2",
        "ttl": "PT30S"
    },
    "message": {
        "order": {
            "items": [
                {
                    "id": "660c369b207085ef1155dda1",
                    "quantity": {
                        "count": 6
                    },
                    "location_id": "location-6386154b42674fabf7bdabf4"
                }
            ],
            "provider": {
                "id": "6386154b42674fabf7bdabf4",
                "locations": [
                    {
                        "id": "location-6386154b42674fabf7bdabf4"
                    }
                ]
            },
            "fulfillments": [
                {
                    "end": {
                        "location": {
                            "gps": "19.176402,72.943474",
                            "address": {
                                "area_code": "400080"
                            }
                        }
                    }
                }
            ]
        }
    }
}