{
    "context": {
        "domain": "ONDC:RET11",
        "country": "IND",
        "city": "std:022",
        "action": "cancel",
        "core_version": "1.2.0",
        "bap_id": "buyer-app-preprod-v2.ondc.org",
        "bap_uri": "https://buyer-app-preprod-v2.ondc.org/protocol/v1",
        "bpp_uri": "https://ondc-api.kiko.live/ondc-seller-v2",
        "transaction_id": "fd324c9d-f451-4643-b1a5-c713269c857b",
        "message_id": "a8c5e235-7117-4557-bd7f-4d984b9bbf37",
        "timestamp": "2024-06-05T10:38:32.664Z",
        "bpp_id": "ondc-api.kiko.live/ondc-seller-v2",
        "ttl": "PT30S"
    },
    "message": {
        "order_id": "2024-06-05-967797",
        "cancellation_reason_id": "003"
    }
}