{
    "context": {
        "domain": "ONDC:RET11",
        "country": "IND",
        "city": "std:022",
        "action": "init",
        "core_version": "1.2.0",
        "bap_id": "buyer-app-preprod-v2.ondc.org",
        "bap_uri": "https://buyer-app-preprod-v2.ondc.org/protocol/v1",
        "bpp_uri": "https://ondc-api.kiko.live/ondc-seller-v2",
        "transaction_id": "ee1e02f6-0d7c-44bb-b6b5-acec51fbdf73",
        "message_id": "a0e05776-0392-4d69-966f-cbf8ed5c2d78",
        "timestamp": "2024-06-05T10:35:19.629Z",
        "bpp_id": "ondc-api.kiko.live/ondc-seller-v2",
        "ttl": "PT30S"
    },
    "message": {
        "order": {
            "provider": {
                "id": "6386154b42674fabf7bdabf4",
                "locations": [
                    {
                        "id": "location-6386154b42674fabf7bdabf4"
                    }
                ]
            },
            "items": [
                {
                    "id": "660c369b207085ef1155dda1",
                    "quantity": {
                        "count": 3
                    },
                    "location_id": "location-6386154b42674fabf7bdabf4",
                    "fulfillment_id": "fulfillment-6386154b42674fabf7bdabf4"
                },
                {
                    "id": "660c369b207085ef1155dda2",
                    "quantity": {
                        "count": 2
                    },
                    "location_id": "location-6386154b42674fabf7bdabf4",
                    "fulfillment_id": "fulfillment-6386154b42674fabf7bdabf4"
                },
                {
                    "id": "660c369b207085ef1155dda3",
                    "quantity": {
                        "count": 2
                    },
                    "location_id": "location-6386154b42674fabf7bdabf4",
                    "fulfillment_id": "fulfillment-6386154b42674fabf7bdabf4"
                }
            ],
            "billing": {
                "address": {
                    "building": "676",
                    "city": "Mumbai",
                    "state": "Maharashtra",
                    "country": "IND",
                    "area_code": "400080",
                    "locality": "Deshbandhu Chittaranjan Das Marg",
                    "name": "balram"
                },
                "phone": "08349432596",
                "name": "balram",
                "email": "balramchawda4019@gmail.com",
                "created_at": "2024-06-05T10:35:19.629Z",
                "updated_at": "2024-06-05T10:35:19.629Z"
            },
            "fulfillments": [
                {
                    "id": "fulfillment-6386154b42674fabf7bdabf4",
                    "type": "Delivery",
                    "end": {
                        "contact": {
                            "email": "balramchawda4019@gmail.com",
                            "phone": "08349432596"
                        },
                        "location": {
                            "gps": "19.176402,72.943474",
                            "address": {
                                "building": "676",
                                "city": "Mumbai",
                                "state": "Maharashtra",
                                "country": "IND",
                                "area_code": "400080",
                                "locality": "Deshbandhu Chittaranjan Das Marg",
                                "name": "balram"
                            }
                        }
                    }
                }
            ]
        }
    }
}