{
    "context": {
        "domain": "ONDC:RET11",
        "action": "on_select",
        "core_version": "1.2.0",
        "bap_id": "buyer-app-preprod-v2.ondc.org",
        "bap_uri": "https://buyer-app-preprod-v2.ondc.org/protocol/v1",
        "bpp_id": "ondc-api.kiko.live/ondc-seller-v2",
        "bpp_uri": "https://ondc-api.kiko.live/ondc-seller-v2",
        "transaction_id": "ee1e02f6-0d7c-44bb-b6b5-acec51fbdf73",
        "message_id": "db3f59d2-0170-426f-8efd-dc7c03c1820a",
        "city": "std:022",
        "country": "IND",
        "timestamp": "2024-06-05T10:34:00.331Z"
    },
    "message": {
        "order": {
            "provider": {
                "id": "6386154b42674fabf7bdabf4",
                "locations": [
                    {
                        "id": "location-6386154b42674fabf7bdabf4"
                    }
                ]
            },
            "items": [
                {
                    "fulfillment_id": "fulfillment-6386154b42674fabf7bdabf4",
                    "id": "660c369b207085ef1155dda1"
                },
                {
                    "fulfillment_id": "fulfillment-6386154b42674fabf7bdabf4",
                    "id": "660c369b207085ef1155dda2"
                },
                {
                    "fulfillment_id": "fulfillment-6386154b42674fabf7bdabf4",
                    "id": "660c369b207085ef1155dda3"
                }
            ],
            "fulfillments": [
                {
                    "id": "fulfillment-6386154b42674fabf7bdabf4",
                    "type": "Delivery",
                    "@ondc/org/provider_name": "Vijendra Grocery Store",
                    "tracking": false,
                    "@ondc/org/category": "Standard Delivery",
                    "@ondc/org/TAT": "PT30M",
                    "state": {
                        "descriptor": {
                            "code": "Serviceable"
                        }
                    }
                }
            ],
            "quote": {
                "price": {
                    "currency": "INR",
                    "value": "558.00"
                },
                "breakup": [
                    {
                        "@ondc/org/item_id": "660c369b207085ef1155dda1",
                        "@ondc/org/item_quantity": {
                            "count": 3
                        },
                        "title": " Garlic Bread Small",
                        "@ondc/org/title_type": "item",
                        "price": {
                            "currency": "INR",
                            "value": "171.00"
                        },
                        "item": {
                            "quantity": {
                                "available": {
                                    "count": "99"
                                },
                                "maximum": {
                                    "count": "99"
                                }
                            },
                            "price": {
                                "currency": "INR",
                                "value": "60.00"
                            }
                        }
                    },
                    {
                        "@ondc/org/item_id": "660c369b207085ef1155dda1",
                        "title": "Tax",
                        "@ondc/org/title_type": "tax",
                        "price": {
                            "currency": "INR",
                            "value": "9"
                        }
                    },
                    {
                        "@ondc/org/item_id": "660c369b207085ef1155dda2",
                        "@ondc/org/item_quantity": {
                            "count": 2
                        },
                        "title": " Garlic Bread Med",
                        "@ondc/org/title_type": "item",
                        "price": {
                            "currency": "INR",
                            "value": "209.00"
                        },
                        "item": {
                            "quantity": {
                                "available": {
                                    "count": "99"
                                },
                                "maximum": {
                                    "count": "99"
                                }
                            },
                            "price": {
                                "currency": "INR",
                                "value": "110.00"
                            }
                        }
                    },
                    {
                        "@ondc/org/item_id": "660c369b207085ef1155dda2",
                        "title": "Tax",
                        "@ondc/org/title_type": "tax",
                        "price": {
                            "currency": "INR",
                            "value": "11"
                        }
                    },
                    {
                        "@ondc/org/item_id": "660c369b207085ef1155dda3",
                        "@ondc/org/item_quantity": {
                            "count": 2
                        },
                        "title": "Vegetable BURGER",
                        "@ondc/org/title_type": "item",
                        "price": {
                            "currency": "INR",
                            "value": "95.00"
                        },
                        "item": {
                            "quantity": {
                                "available": {
                                    "count": "99"
                                },
                                "maximum": {
                                    "count": "99"
                                }
                            },
                            "price": {
                                "currency": "INR",
                                "value": "50.00"
                            }
                        }
                    },
                    {
                        "@ondc/org/item_id": "660c369b207085ef1155dda3",
                        "title": "Tax",
                        "@ondc/org/title_type": "tax",
                        "price": {
                            "currency": "INR",
                            "value": "5"
                        }
                    },
                    {
                        "@ondc/org/item_id": "fulfillment-6386154b42674fabf7bdabf4",
                        "title": "Delivery charges",
                        "@ondc/org/title_type": "delivery",
                        "price": {
                            "currency": "INR",
                            "value": "20.00"
                        }
                    },
                    {
                        "@ondc/org/item_id": "fulfillment-6386154b42674fabf7bdabf4",
                        "title": "Convenience Fee",
                        "@ondc/org/title_type": "misc",
                        "price": {
                            "currency": "INR",
                            "value": "3"
                        }
                    },
                    {
                        "@ondc/org/item_id": "fulfillment-6386154b42674fabf7bdabf4",
                        "title": "Packing charges",
                        "@ondc/org/title_type": "packing",
                        "price": {
                            "currency": "INR",
                            "value": "35.00"
                        }
                    }
                ],
                "ttl": "PT6H"
            }
        }
    }
}