{
    "context": {
        "domain": "ONDC:RET11",
        "action": "on_update",
        "core_version": "1.2.0",
        "bap_id": "buyer-app-preprod-v2.ondc.org",
        "bap_uri": "https://buyer-app-preprod-v2.ondc.org/protocol/v1",
        "bpp_id": "ondc-api.kiko.live/ondc-seller-v2",
        "bpp_uri": "https://ondc-api.kiko.live/ondc-seller-v2",
        "transaction_id": "ee1e02f6-0d7c-44bb-b6b5-acec51fbdf73",
        "message_id": "qbdamxre-dc7g-440n-ypeo-1rcgtqk5ffky",
        "city": "std:022",
        "country": "IND",
        "timestamp": "2024-06-05T09:09:55.681Z"
    },
    "message": {
        "order": {
            "id": "2024-06-05-908105",
            "state": "Completed",
            "provider": {
                "id": "6386154b42674fabf7bdabf4",
                "locations": [
                    {
                        "id": "location-6386154b42674fabf7bdabf4"
                    }
                ]
            },
            "items": [
                {
                    "quantity": {
                        "count": 0
                    },
                    "id": "660c369b207085ef1155dda1",
                    "fulfillment_id": "fulfillment-6386154b42674fabf7bdabf4"
                },
                {
                    "quantity": {
                        "count": 0
                    },
                    "id": "660c369b207085ef1155dda2",
                    "fulfillment_id": "fulfillment-6386154b42674fabf7bdabf4"
                },
                {
                    "quantity": {
                        "count": 2
                    },
                    "id": "660c369b207085ef1155dda3",
                    "fulfillment_id": "fulfillment-6386154b42674fabf7bdabf4"
                },
                {
                    "quantity": {
                        "count": 1
                    },
                    "id": "660c369b207085ef1155dda1",
                    "fulfillment_id": "Cancelled-c9957d86-2a4c-44a5-8528-a7d378e65e6d"
                },
                {
                    "quantity": {
                        "count": 0
                    },
                    "id": "660c369b207085ef1155dda1",
                    "fulfillment_id": "665056fa8502376e78be8919"
                },
                {
                    "quantity": {
                        "count": 2
                    },
                    "id": "660c369b207085ef1155dda2",
                    "fulfillment_id": "665058f98502376e78be8c1d"
                }
            ],
            "billing": {
                "address": {
                    "building": "676",
                    "city": "Mumbai",
                    "state": "Maharashtra",
                    "country": "IND",
                    "area_code": "400080",
                    "locality": "Deshbandhu Chittaranjan Das Marg",
                    "name": "balram"
                },
                "phone": "08349432596",
                "name": "balram",
                "email": "balramchawda4019@gmail.com",
                "created_at": "2024-06-05T06:38:57.425Z",
                "updated_at": "2024-06-05T06:38:57.425Z"
            },
            "quote": {
                "price": {
                    "currency": "INR",
                    "value": "148"
                },
                "breakup": [
                    {
                        "@ondc/org/item_id": "660c369b207085ef1155dda1",
                        "@ondc/org/item_quantity": {
                            "count": 0
                        },
                        "title": " Garlic Bread Small",
                        "@ondc/org/title_type": "item",
                        "price": {
                            "currency": "INR",
                            "value": "0"
                        },
                        "item": {
                            "price": {
                                "currency": "INR",
                                "value": "60.00"
                            }
                        }
                    },
                    {
                        "@ondc/org/item_id": "660c369b207085ef1155dda1",
                        "title": "Tax",
                        "@ondc/org/title_type": "tax",
                        "price": {
                            "currency": "INR",
                            "value": "3"
                        }
                    },
                    {
                        "@ondc/org/item_id": "660c369b207085ef1155dda2",
                        "@ondc/org/item_quantity": {
                            "count": 0
                        },
                        "title": " Garlic Bread Med",
                        "@ondc/org/title_type": "item",
                        "price": {
                            "currency": "INR",
                            "value": "0"
                        },
                        "item": {
                            "price": {
                                "currency": "INR",
                                "value": "110.00"
                            }
                        }
                    },
                    {
                        "@ondc/org/item_id": "660c369b207085ef1155dda2",
                        "title": "Tax",
                        "@ondc/org/title_type": "tax",
                        "price": {
                            "currency": "INR",
                            "value": "11"
                        }
                    },
                    {
                        "@ondc/org/item_id": "660c369b207085ef1155dda3",
                        "@ondc/org/item_quantity": {
                            "count": 2
                        },
                        "title": "Vegetable BURGER",
                        "@ondc/org/title_type": "item",
                        "price": {
                            "currency": "INR",
                            "value": "95.00"
                        },
                        "item": {
                            "price": {
                                "currency": "INR",
                                "value": "50.00"
                            }
                        }
                    },
                    {
                        "@ondc/org/item_id": "660c369b207085ef1155dda3",
                        "title": "Tax",
                        "@ondc/org/title_type": "tax",
                        "price": {
                            "currency": "INR",
                            "value": "5"
                        }
                    },
                    {
                        "@ondc/org/item_id": "fulfillment-6386154b42674fabf7bdabf4",
                        "title": "Delivery charges",
                        "@ondc/org/title_type": "delivery",
                        "price": {
                            "currency": "INR",
                            "value": "20.00"
                        }
                    },
                    {
                        "@ondc/org/item_id": "fulfillment-6386154b42674fabf7bdabf4",
                        "title": "Convenience Fee",
                        "@ondc/org/title_type": "misc",
                        "price": {
                            "currency": "INR",
                            "value": "3.00"
                        }
                    },
                    {
                        "@ondc/org/item_id": "fulfillment-6386154b42674fabf7bdabf4",
                        "title": "Packing charges",
                        "@ondc/org/title_type": "packing",
                        "price": {
                            "currency": "INR",
                            "value": "25.00"
                        }
                    }
                ],
                "ttl": "PT6H"
            },
            "fulfillments": [
                {
                    "id": "fulfillment-6386154b42674fabf7bdabf4",
                    "@ondc/org/provider_name": "Vijendra Grocery Store",
                    "state": {
                        "descriptor": {
                            "code": "Order-delivered"
                        }
                    },
                    "type": "Delivery",
                    "tracking": false,
                    "start": {
                        "location": {
                            "id": "location-6386154b42674fabf7bdabf4",
                            "gps": "19.17653453,72.947534534",
                            "descriptor": {
                                "name": "Vijendra Grocery Store"
                            },
                            "address": {
                                "locality": "Anand Vihar Colony",
                                "city": "Mumbai",
                                "area_code": "400080",
                                "state": "Maharashtra"
                            }
                        },
                        "time": {
                            "range": {
                                "start": "2024-06-05T06:39:05.510Z",
                                "end": "2024-06-05T00:39:05.510Z"
                            },
                            "timestamp": "2024-06-05T08:19:45.865Z"
                        },
                        "contact": {
                            "phone": "9009120913",
                            "email": "vijendra@gmail.com"
                        }
                    },
                    "end": {
                        "location": {
                            "gps": "19.176402,72.943474",
                            "address": {
                                "name": "balram",
                                "building": "676",
                                "locality": "Deshbandhu Chittaranjan Das Marg",
                                "city": "Mumbai",
                                "state": "Maharashtra",
                                "country": "IND",
                                "area_code": "400080"
                            }
                        },
                        "time": {
                            "range": {
                                "start": "2024-06-05T00:39:05.510Z",
                                "end": "2024-06-05T06:39:05.510Z"
                            },
                            "timestamp": "2024-06-05T08:58:08.913Z"
                        },
                        "person": {
                            "name": "balram"
                        },
                        "contact": {
                            "phone": "08349432596",
                            "email": "balramchawda4019@gmail.com"
                        }
                    },
                    "@ondc/org/TAT": "PT30M",
                    "tags": [
                        {
                            "code": "routing",
                            "list": [
                                {
                                    "code": "type",
                                    "value": "P2P"
                                }
                            ]
                        }
                    ]
                },
                {
                    "id": "Cancelled-c9957d86-2a4c-44a5-8528-a7d378e65e6d",
                    "type": "Cancel",
                    "state": {
                        "descriptor": {
                            "code": "Cancelled"
                        }
                    },
                    "tags": [
                        {
                            "code": "cancel_request",
                            "list": [
                                {
                                    "code": "reason_id",
                                    "value": "002"
                                },
                                {
                                    "code": "initiated_by",
                                    "value": "ondc-api.kiko.live/ondc-seller-v2"
                                }
                            ]
                        },
                        {
                            "code": "quote_trail",
                            "list": [
                                {
                                    "code": "type",
                                    "value": "item"
                                },
                                {
                                    "code": "id",
                                    "value": "660c369b207085ef1155dda1"
                                },
                                {
                                    "code": "currency",
                                    "value": "INR"
                                },
                                {
                                    "code": "value",
                                    "value": "-60"
                                }
                            ]
                        }
                    ]
                },
                {
                    "type": "Return",
                    "tags": [
                        {
                            "code": "return_request",
                            "list": [
                                {
                                    "code": "id",
                                    "value": "665056fa8502376e78be8919"
                                },
                                {
                                    "code": "item_id",
                                    "value": "660c369b207085ef1155dda1"
                                },
                                {
                                    "code": "parent_item_id",
                                    "value": ""
                                },
                                {
                                    "code": "item_quantity",
                                    "value": "0"
                                },
                                {
                                    "code": "reason_id",
                                    "value": "005"
                                },
                                {
                                    "code": "reason_desc",
                                    "value": "detailed description for return"
                                },
                                {
                                    "code": "images",
                                    "value": "https://reference-buyer-app-assets.s3-ap-south-1.amazonaws.com/public-assets/2024-06-05-908105/d3e108ee-a533-4b2b-8f7f-37c9914eb26e.png"
                                },
                                {
                                    "code": "ttl_approval",
                                    "value": "PT24H"
                                },
                                {
                                    "code": "ttl_reverseqc",
                                    "value": "P3D"
                                },
                                {
                                    "code": "initiated_by",
                                    "value": "ondc-api.kiko.live/ondc-seller-v2"
                                }
                            ]
                        },
                        {
                            "code": "quote_trail",
                            "list": [
                                {
                                    "code": "type",
                                    "value": "item"
                                },
                                {
                                    "code": "id",
                                    "value": "660c369b207085ef1155dda1"
                                },
                                {
                                    "code": "currency",
                                    "value": "INR"
                                },
                                {
                                    "code": "value",
                                    "value": "-0"
                                }
                            ]
                        }
                    ],
                    "id": "665056fa8502376e78be8919",
                    "state": {
                        "descriptor": {
                            "code": "Liquidated"
                        }
                    }
                },
                {
                    "type": "Return",
                    "tags": [
                        {
                            "code": "return_request",
                            "list": [
                                {
                                    "code": "id",
                                    "value": "665058f98502376e78be8c1d"
                                },
                                {
                                    "code": "item_id",
                                    "value": "660c369b207085ef1155dda2"
                                },
                                {
                                    "code": "parent_item_id",
                                    "value": ""
                                },
                                {
                                    "code": "item_quantity",
                                    "value": "2"
                                },
                                {
                                    "code": "reason_id",
                                    "value": "001"
                                },
                                {
                                    "code": "reason_desc",
                                    "value": "detailed description for return"
                                },
                                {
                                    "code": "images",
                                    "value": "https://reference-buyer-app-assets.s3-ap-south-1.amazonaws.com/public-assets/2024-06-05-908105/91ae6fb1-a89c-465b-9175-9d4a9740a5bf.png"
                                },
                                {
                                    "code": "ttl_approval",
                                    "value": "PT24H"
                                },
                                {
                                    "code": "ttl_reverseqc",
                                    "value": "P3D"
                                },
                                {
                                    "code": "initiated_by",
                                    "value": "ondc-api.kiko.live/ondc-seller-v2"
                                }
                            ]
                        },
                        {
                            "code": "quote_trail",
                            "list": [
                                {
                                    "code": "type",
                                    "value": "item"
                                },
                                {
                                    "code": "id",
                                    "value": "660c369b207085ef1155dda2"
                                },
                                {
                                    "code": "currency",
                                    "value": "INR"
                                },
                                {
                                    "code": "value",
                                    "value": "-220"
                                }
                            ]
                        }
                    ],
                    "id": "665058f98502376e78be8c1d",
                    "state": {
                        "descriptor": {
                            "code": "Liquidated"
                        }
                    }
                },
                {
                    "type": "Return",
                    "tags": [
                        {
                            "code": "return_request",
                            "list": [
                                {
                                    "code": "id",
                                    "value": "665058fb8502376e78be8c33"
                                },
                                {
                                    "code": "item_id",
                                    "value": "660c369b207085ef1155dda2"
                                },
                                {
                                    "code": "parent_item_id",
                                    "value": ""
                                },
                                {
                                    "code": "item_quantity",
                                    "value": "1"
                                },
                                {
                                    "code": "reason_id",
                                    "value": "001"
                                },
                                {
                                    "code": "reason_desc",
                                    "value": "detailed description for return"
                                },
                                {
                                    "code": "images",
                                    "value": "https://reference-buyer-app-assets.s3-ap-south-1.amazonaws.com/public-assets/2024-06-05-908105/b4285086-c993-42fa-a1cd-6ce395cc8342.png"
                                },
                                {
                                    "code": "ttl_approval",
                                    "value": "PT24H"
                                },
                                {
                                    "code": "ttl_reverseqc",
                                    "value": "P3D"
                                },
                                {
                                    "code": "initiated_by",
                                    "value": "https://buyer-app-preprod-v2.ondc.org/protocol/v1"
                                }
                            ]
                        }
                    ],
                    "id": "665058fb8502376e78be8c33",
                    "state": {
                        "descriptor": {
                            "code": "Return_Initiated"
                        }
                    }
                }
            ],
            "payment": {
                "params": {
                    "transaction_id": "ee1e02f6-0d7c-44bb-b6b5-acec51fbdf73",
                    "amount": "428.00",
                    "currency": "INR"
                },
                "status": "PAID",
                "type": "ON-ORDER",
                "collected_by": "BAP",
                "@ondc/org/buyer_app_finder_fee_type": "percent",
                "@ondc/org/buyer_app_finder_fee_amount": "3.0",
                "@ondc/org/settlement_basis": "delivery",
                "@ondc/org/settlement_window": "P7D",
                "@ondc/org/withholding_amount": "0.00",
                "@ondc/org/settlement_details": [
                    {
                        "settlement_counterparty": "seller-app",
                        "upi_address": "",
                        "beneficiary_name": "SMOOTH TAG TECHNOLOGIES PRIVATE LIMITED",
                        "settlement_type": "neft",
                        "settlement_bank_account_no": "50200057222741",
                        "settlement_ifsc_code": "HDFC0000015",
                        "settlement_phase": "sale-amount",
                        "settlement_status": "NOT-PAID",
                        "bank_name": "HDFC BANK LTD ",
                        "branch_name": "MUMBAI - MULUND WEST (WEST)"
                    }
                ]
            },
            "created_at": "2024-06-05T06:39:04.846Z",
            "updated_at": "2024-06-05T09:09:55.681Z"
        }
    }
}