{
    "context": {
        "domain": "ONDC:RET11",
        "country": "IND",
        "city": "std:022",
        "action": "select",
        "core_version": "1.2.0",
        "bap_id": "buyer-app-preprod-v2.ondc.org",
        "bap_uri": "https://buyer-app-preprod-v2.ondc.org/protocol/v1",
        "bpp_uri": "https://ondc-api.kiko.live/ondc-seller-v2",
        "transaction_id": "ee1e02f6-0d7c-44bb-b6b5-acec51fbdf73",
        "message_id": "db3f59d2-0170-426f-8efd-dc7c03c1820a",
        "timestamp": "2024-06-05T10:33:55.871Z",
        "bpp_id": "ondc-api.kiko.live/ondc-seller-v2",
        "ttl": "PT30S"
    },
    "message": {
        "order": {
            "items": [
                {
                    "id": "660c369b207085ef1155dda1",
                    "quantity": {
                        "count": 3
                    },
                    "location_id": "location-6386154b42674fabf7bdabf4"
                },
                {
                    "id": "660c369b207085ef1155dda2",
                    "quantity": {
                        "count": 2
                    },
                    "location_id": "location-6386154b42674fabf7bdabf4"
                },
                {
                    "id": "660c369b207085ef1155dda3",
                    "quantity": {
                        "count": 2
                    },
                    "location_id": "location-6386154b42674fabf7bdabf4"
                }
            ],
            "provider": {
                "id": "6386154b42674fabf7bdabf4",
                "locations": [
                    {
                        "id": "location-6386154b42674fabf7bdabf4"
                    }
                ]
            },
            "fulfillments": [
                {
                    "end": {
                        "location": {
                            "gps": "19.176402,72.943474",
                            "address": {
                                "area_code": "400080"
                            }
                        }
                    }
                }
            ]
        }
    }
}