{
    "context": {
        "domain": "ONDC:RET11",
        "country": "IND",
        "city": "std:022",
        "action": "update",
        "core_version": "1.2.0",
        "bap_id": "buyer-app-preprod-v2.ondc.org",
        "bap_uri": "https://buyer-app-preprod-v2.ondc.org/protocol/v1",
        "bpp_uri": "https://ondc-api.kiko.live/ondc-seller-v2",
        "transaction_id": "ee1e02f6-0d7c-44bb-b6b5-acec51fbdf73",
        "message_id": "345b2cf7-72e7-491f-93f0-4f00d042534e",
        "timestamp": "2024-06-05T10:44:26.862Z",
        "bpp_id": "ondc-api.kiko.live/ondc-seller-v2",
        "ttl": "PT30S"
    },
    "message": {
        "update_target": "item",
        "order": {
            "id": "2024-06-05-774549",
            "fulfillments": [
                {
                    "type": "Return",
                    "tags": [
                        {
                            "code": "return_request",
                            "list": [
                                {
                                    "code": "id",
                                    "value": "66506f8a8502376e78beaa84"
                                },
                                {
                                    "code": "item_id",
                                    "value": "660c369b207085ef1155dda1"
                                },
                                {
                                    "code": "parent_item_id",
                                    "value": ""
                                },
                                {
                                    "code": "item_quantity",
                                    "value": "1"
                                },
                                {
                                    "code": "reason_id",
                                    "value": "001"
                                },
                                {
                                    "code": "reason_desc",
                                    "value": "detailed description for return"
                                },
                                {
                                    "code": "images",
                                    "value": "https://reference-buyer-app-assets.s3-ap-south-1.amazonaws.com/public-assets/2024-06-05-774549/72bae848-b5bf-479a-bc16-0974b7c6e931.png"
                                },
                                {
                                    "code": "ttl_approval",
                                    "value": "PT24H"
                                },
                                {
                                    "code": "ttl_reverseqc",
                                    "value": "P3D"
                                }
                            ]
                        }
                    ]
                }
            ]
        }
    }
}