{
    "context": {
        "domain": "ONDC:RET11",
        "country": "IND",
        "city": "std:022",
        "action": "init",
        "core_version": "1.2.0",
        "bap_id": "buyer-app-preprod-v2.ondc.org",
        "bap_uri": "https://buyer-app-preprod-v2.ondc.org/protocol/v1",
        "bpp_uri": "https://ondc-api.kiko.live/ondc-seller-v2",
        "transaction_id": "fd324c9d-f451-4643-b1a5-c713269c857b",
        "message_id": "b8e9849b-dec7-416a-ae34-4d92c4c4946a",
        "timestamp": "2024-06-05T06:28:09.201Z",
        "bpp_id": "ondc-api.kiko.live/ondc-seller-v2",
        "ttl": "PT30S"
    },
    "message": {
        "order": {
            "provider": {
                "id": "6386154b42674fabf7bdabf4",
                "locations": [
                    {
                        "id": "location-6386154b42674fabf7bdabf4"
                    }
                ]
            },
            "items": [
                {
                    "id": "660c369b207085ef1155dda1",
                    "quantity": {
                        "count": 1
                    },
                    "location_id": "location-6386154b42674fabf7bdabf4",
                    "fulfillment_id": "fulfillment-6386154b42674fabf7bdabf4"
                }
            ],
            "billing": {
                "address": {
                    "building": "676 building",
                    "city": "Mumbai",
                    "state": "Maharashtra",
                    "country": "IND",
                    "area_code": "400080",
                    "locality": "Deshbandhu Chittaranjan Das Marg",
                    "name": "balram"
                },
                "phone": "08349432596",
                "name": "balram",
                "email": "balramchawda4019@gmail.com",
                "created_at": "2024-06-05T06:28:09.201Z",
                "updated_at": "2024-06-05T06:28:09.201Z"
            },
            "fulfillments": [
                {
                    "id": "fulfillment-6386154b42674fabf7bdabf4",
                    "type": "Delivery",
                    "end": {
                        "contact": {
                            "email": "balramchawda4019@gmail.com",
                            "phone": "08349432596"
                        },
                        "location": {
                            "gps": "19.176402,72.943474",
                            "address": {
                                "building": "676 building",
                                "city": "Mumbai",
                                "state": "Maharashtra",
                                "country": "IND",
                                "area_code": "400080",
                                "locality": "Deshbandhu Chittaranjan Das Marg",
                                "name": "balram"
                            }
                        }
                    }
                }
            ]
        }
    }
}