{
    "context": {
        "domain": "ONDC:RET11",
        "action": "on_confirm",
        "core_version": "1.2.0",
        "bap_id": "buyer-app-preprod-v2.ondc.org",
        "bap_uri": "https://buyer-app-preprod-v2.ondc.org/protocol/v1",
        "bpp_id": "ondc-api.kiko.live/ondc-seller-v2",
        "bpp_uri": "https://ondc-api.kiko.live/ondc-seller-v2",
        "transaction_id": "fd324c9d-f451-4643-b1a5-c713269c857b",
        "message_id": "d8df4e7f-27ca-4db3-9969-f40c2f9c7724",
        "city": "std:022",
        "country": "IND",
        "timestamp": "2024-06-05T07:05:10.337Z",
        "ttl": "PT30S"
    },
    "message": {
        "order": {
            "id": "2024-06-05-967797",
            "state": "Created",
            "provider": {
                "id": "6386154b42674fabf7bdabf4",
                "locations": [
                    {
                        "id": "location-6386154b42674fabf7bdabf4"
                    }
                ]
            },
            "items": [
                {
                    "id": "660c369b207085ef1155dda1",
                    "fulfillment_id": "fulfillment-6386154b42674fabf7bdabf4",
                    "quantity": {
                        "count": 1
                    }
                }
            ],
            "billing": {
                "address": {
                    "name": "balram",
                    "building": "676 building",
                    "locality": "Deshbandhu Chittaranjan Das Marg",
                    "city": "Mumbai",
                    "state": "Maharashtra",
                    "country": "IND",
                    "area_code": "400080"
                },
                "phone": "08349432596",
                "name": "balram",
                "email": "balramchawda4019@gmail.com",
                "created_at": "2024-06-05T06:28:09.201Z",
                "updated_at": "2024-06-05T06:28:09.201Z"
            },
            "fulfillments": [
                {
                    "id": "fulfillment-6386154b42674fabf7bdabf4",
                    "@ondc/org/provider_name": "Vijendra Grocery Store",
                    "state": {
                        "descriptor": {
                            "code": "Pending"
                        }
                    },
                    "type": "Delivery",
                    "tracking": false,
                    "start": {
                        "location": {
                            "id": "location-6386154b42674fabf7bdabf4",
                            "gps": "19.17653453,72.947534534",
                            "descriptor": {
                                "name": "Vijendra Grocery Store"
                            },
                            "address": {
                                "locality": "Anand Vihar Colony",
                                "city": "Mumbai",
                                "area_code": "400080",
                                "state": "Maharashtra"
                            }
                        },
                        "time": {
                            "range": {
                                "start": "2024-06-05T07:05:10.337Z",
                                "end": "2024-06-05T01:05:10.337Z"
                            }
                        },
                        "contact": {
                            "phone": "9009120913",
                            "email": "vijendra@gmail.com"
                        }
                    },
                    "end": {
                        "location": {
                            "gps": "19.176402,72.943474",
                            "address": {
                                "name": "balram",
                                "building": "676 building",
                                "locality": "Deshbandhu Chittaranjan Das Marg",
                                "city": "Mumbai",
                                "state": "Maharashtra",
                                "country": "IND",
                                "area_code": "400080"
                            }
                        },
                        "time": {
                            "range": {
                                "start": "2024-06-05T01:05:10.337Z",
                                "end": "2024-06-05T01:05:10.337Z"
                            }
                        },
                        "person": {
                            "name": "balram"
                        },
                        "contact": {
                            "phone": "08349432596",
                            "email": "balramchawda4019@gmail.com"
                        }
                    },
                    "@ondc/org/TAT": "PT30M"
                }
            ],
            "quote": {
                "price": {
                    "currency": "INR",
                    "value": "91.00"
                },
                "breakup": [
                    {
                        "@ondc/org/item_id": "660c369b207085ef1155dda1",
                        "@ondc/org/item_quantity": {
                            "count": 1
                        },
                        "title": " Garlic Bread Small",
                        "@ondc/org/title_type": "item",
                        "price": {
                            "currency": "INR",
                            "value": "60.00"
                        },
                        "item": {
                            "price": {
                                "currency": "INR",
                                "value": "60.00"
                            }
                        }
                    },
                    {
                        "@ondc/org/item_id": "660c369b207085ef1155dda1",
                        "title": "Tax",
                        "@ondc/org/title_type": "tax",
                        "price": {
                            "currency": "INR",
                            "value": "3"
                        }
                    },
                    {
                        "@ondc/org/item_id": "fulfillment-6386154b42674fabf7bdabf4",
                        "title": "Delivery charges",
                        "@ondc/org/title_type": "delivery",
                        "price": {
                            "currency": "INR",
                            "value": "20.00"
                        }
                    },
                    {
                        "@ondc/org/item_id": "fulfillment-6386154b42674fabf7bdabf4",
                        "title": "Convenience Fee",
                        "@ondc/org/title_type": "misc",
                        "price": {
                            "currency": "INR",
                            "value": "3"
                        }
                    },
                    {
                        "@ondc/org/item_id": "fulfillment-6386154b42674fabf7bdabf4",
                        "title": "Packing charges",
                        "@ondc/org/title_type": "packing",
                        "price": {
                            "currency": "INR",
                            "value": "5.00"
                        }
                    }
                ],
                "ttl": "PT6H"
            },
            "payment": {
                "params": {
                  "transaction_id":"fd324c9d-f451-4643-b1a5-c713269c857b",
                    "amount": "91.00",
                    "currency": "INR"
                },
                "status": "PAID",
                "type": "ON-ORDER",
                "collected_by": "BAP",
                "@ondc/org/buyer_app_finder_fee_type": "percent",
                "@ondc/org/buyer_app_finder_fee_amount": "3.0",
                "@ondc/org/settlement_basis": "delivery",
                "@ondc/org/settlement_window": "P7D",
                "@ondc/org/withholding_amount": "0.00",
                "@ondc/org/settlement_details": [
                    {
                        "settlement_counterparty": "seller-app",
                        "upi_address": "",
                        "beneficiary_name": "SMOOTH TAG TECHNOLOGIES PRIVATE LIMITED",
                        "settlement_type": "neft",
                        "settlement_bank_account_no": "50200057222741",
                        "settlement_ifsc_code": "HDFC0000015",
                        "settlement_phase": "sale-amount",
                        "settlement_status": "NOT-PAID",
                        "bank_name": "HDFC BANK LTD ",
                        "branch_name": "MUMBAI - MULUND WEST (WEST)"
                    }
                ]
            },
            "tags": [
                {
                    "code": "bpp_terms",
                    "list": [
                        {
                            "code": "tax_number",
                            "value": "22AAAAA0000A1Z5"
                        },
                        {
                            "code": "np_type",
                            "value": "MSN"
                        },
                        {
                            "code": "provider_tax_number",
                            "value": "BCWPP0324R"
                        },
                        {
                            "code": "np_type",
                            "value": "MSN"
                        }
                    ]
                },
                {
                    "code": "bap_terms",
                    "list": [
                        {
                            "code": "tax_number",
                            "value": "GSTIN1234567890"
                        }
                    ]
                }
            ],
            "created_at": "2024-06-05T07:05:09.665Z",
            "updated_at": "2024-06-05T07:05:10.337Z"
        }
    }
}