{
    "context": {
        "domain": "ONDC:RET11",
        "action": "on_status",
        "core_version": "1.2.0",
        "bap_id": "witslab-bap-preprod.thewitslab.com",
        "bap_uri": "https://buyer-app-stage.thewitslab.com/protocol/v1",
        "bpp_id": "ondc-api.kiko.live/ondc-seller-v2",
        "bpp_uri": "https://ondc-api.kiko.live/ondc-seller-v2",
        "transaction_id": "fd324c9d-f451-4643-b1a5-c713269c857b",
        "message_id": "3nhsbdi8-r1pf-a6dz-qvxq-akvfakr4mj5g",
        "city": "std:022",
        "country": "IND",
        "timestamp": "2024-06-05T12:45:20.815Z",
        "ttl": "PT30S"
    },
    "message": {
        "order": {
            "id": "2024-06-05-967797",
            "state": "In-progress",
            "provider": {
                "id": "6386154b42674fabf7bdabf4",
                "locations": [
                    {
                        "id": "location-6386154b42674fabf7bdabf4"
                    }
                ]
            },
            "items": [
                {
                    "quantity": {
                        "count": 1
                    },
                    "id": "65bcf1988bef71377b3f3f22",
                    "fulfillment_id": "fulfillment-6386154b42674fabf7bdabf4"
                }
            ],
            "billing": {
                "address": {
                    "name": "Amit kumar",
                    "building": "Wits Innovation Lab",
                    "locality": "Mulund Dd Road",
                    "city": "Mumbai",
                    "state": "Maharashtra",
                    "country": "India",
                    "area_code": "400080"
                },
                "phone": "8988154161",
                "name": "Amit kumar",
                "email": "amit.kumar@thewitslab.com",
                "created_at": "2024-06-05T10:39:31.466Z",
                "updated_at": "2024-06-05T10:39:31.466Z"
            },
            "fulfillments": [
                {
                    "id": "fulfillment-6386154b42674fabf7bdabf4",
                    "@ondc/org/provider_name": "Vijendra Grocery Store",
                    "state": {
                        "descriptor": {
                            "code": "Packed"
                        }
                    },
                    "type": "Delivery",
                    "tracking": false,
                    "start": {
                        "location": {
                            "id": "location-6386154b42674fabf7bdabf4",
                            "gps": "19.17653453,72.947534534",
                            "descriptor": {
                                "name": "Vijendra Grocery Store"
                            },
                            "address": {
                                "locality": "Anand Vihar Colony",
                                "city": "Mumbai",
                                "area_code": "400080",
                                "state": "Maharashtra"
                            }
                        },
                        "time": {
                            "range": {
                                "start": "2024-06-05T07:05:10.337Z",
                                "end": "2024-06-05T01:05:10.337Z"
                            },
                            "timestamp": "2024-06-05T12:03:08.817Z"
                        },
                        "contact": {
                            "phone": "9009120913",
                            "email": "vijendra@gmail.com"
                        }
                    },
                    "end": {
                        "location": {
                            "gps": "19.175574,72.951214",
                            "address": {
                                "name": "Amit kumar",
                                "building": "Wits Innovation Lab",
                                "locality": "Mulund Dd Road",
                                "city": "Mumbai",
                                "state": "Maharashtra",
                                "country": "India",
                                "area_code": "400080"
                            }
                        },
                        "time": {
                            "range": {
                                "start": "2024-06-05T01:05:10.337Z",
                                "end": "2024-06-05T01:05:10.337Z"
                            }
                        },
                        "person": {
                            "name": "Amit kumar"
                        },
                        "contact": {
                            "phone": "8988154161",
                            "email": "amit.kumar@thewitslab.com"
                        }
                    },
                    "@ondc/org/TAT": "PT24H",
                    "tags": [
                        {
                            "code": "routing",
                            "list": [
                                {
                                    "code": "type",
                                    "value": "P2P"
                                }
                            ]
                        }
                    ]
                }
            ],
            "quote": {
                "price": {
                    "currency": "INR",
                    "value": "2423"
                },
                "breakup": [
                    {
                        "@ondc/org/item_id": "65bcf1988bef71377b3f3f22",
                        "@ondc/org/item_quantity": {
                            "count": 1
                        },
                        "title": "Amul ghee",
                        "@ondc/org/title_type": "item",
                        "price": {
                            "currency": "INR",
                            "value": "2400.00"
                        },
                        "item": {
                            "price": {
                                "currency": "INR",
                                "value": "2400.00"
                            }
                        }
                    },
                    {
                        "@ondc/org/item_id": "fulfillment-6386154b42674fabf7bdabf4",
                        "title": "Delivery charges",
                        "@ondc/org/title_type": "delivery",
                        "price": {
                            "currency": "INR",
                            "value": "20.00"
                        }
                    },
                    {
                        "@ondc/org/item_id": "fulfillment-6386154b42674fabf7bdabf4",
                        "title": "Convenience Fee",
                        "@ondc/org/title_type": "misc",
                        "price": {
                            "currency": "INR",
                            "value": "3.00"
                        }
                    }
                ],
                "ttl": "PT6H"
            },
            "payment": {
                "params": {
                    "amount": "2423.00",
                    "currency": "INR",
                    "transaction_id": "5673c39a-1379-4e60-b72c-b24fa5f4e7c3"
                },
                "status": "PAID",
                "type": "ON-ORDER",
                "collected_by": "BAP",
                "@ondc/org/buyer_app_finder_fee_type": "percent",
                "@ondc/org/buyer_app_finder_fee_amount": "3.0",
                "@ondc/org/settlement_basis": "delivery",
                "@ondc/org/settlement_window": "P7D",
                "@ondc/org/withholding_amount": "0.00",
                "@ondc/org/settlement_details": [
                    {
                        "settlement_counterparty": "seller-app",
                        "upi_address": "",
                        "beneficiary_name": "SMOOTH TAG TECHNOLOGIES PRIVATE LIMITED",
                        "settlement_type": "neft",
                        "settlement_bank_account_no": "50200057222741",
                        "settlement_ifsc_code": "HDFC0000015",
                        "settlement_phase": "sale-amount",
                        "settlement_status": "NOT-PAID",
                        "bank_name": "HDFC BANK LTD ",
                        "branch_name": "MUMBAI - MULUND WEST (WEST)"
                    }
                ]
            },
            "created_at": "2024-06-05T07:05:09.665Z",
            "updated_at": "2024-06-05T12:45:20.815Z"
        }
    }
}